image,model,task,done,total_s,load_s,in_tokens,out_tokens,tok_per_s,answer,grid_ok,char_acc
circle.png,llama3.2:3b,describe,True,4.845564542,2.828289417,424,55,44.41648449178255,"This appears to be a ASCII art representation of a cat. The use of characters such as `@`, `#`, `.`, `-`, and `=` creates a visual pattern that resembles the features of a cat, including its face, ears, body, and tail.",,
circle.png,llama3.2:3b,edit,True,8.501797375,0.197270209,430,396,52.31506722816411,,False,
circle.png,qwen2.5:7b,describe,True,7.694472125,3.508627208,428,62,26.10621946993427,"This appears to be an ASCII art representation of a mountain or a pyramid. The text uses `#`, `%`, and `@` characters to create the shape, with darker shades represented by more densely packed symbols. It's a creative way to visualize a 3D-like structure using only text characters.",,
circle.png,qwen2.5:7b,edit,True,28.297908542,0.141595208,434,685,25.860042730606082,,False,
circle.png,gemma2:9b,describe,True,12.391325125,6.014534667,351,120,25.31632751226576,"This is an ASCII art depiction of a **spaceship**. 

Here's why:

* **Shape:** The arrangement of characters creates a distinct shape resembling a spaceship with a pointed front, a central body, and possibly some wings or engines at the back.
* **Symbols:**  The use of symbols like `#`, `%`, `*`, and `=` are common in ASCII art to create texture and shading, giving the impression of depth and detail on the spaceship's surface.


Let me know if you'd like to see other examples of ASCII art!",,
circle.png,gemma2:9b,edit,True,15.476141666,0.205332375,358,344,25.632122414247885,,False,
gradient.png,llama3.2:3b,describe,True,6.238445125,2.329035833,592,153,53.324559758708105,"This appears to be a block of text made up of '@' characters, repeated in a pattern. It's not a real message or code, but rather an artistic representation of a pattern.

If you're looking for a specific meaning or interpretation, I'd need more context about what this pattern is supposed to represent. However, based on its structure and repetition, it could be seen as a form of:

1. ASCII art: A graphic design technique that uses ASCII characters (like '@' in this case) to create images.
2. Pattern repetition: A simple, repetitive pattern created by repeating the same sequence of characters.

If you have any additional information or context about what this pattern is supposed to represent, I'd be happy to try and help further!",,
gradient.png,llama3.2:3b,edit,True,84.467772583,0.172857042,598,4096,49.19723410171141,,False,
gradient.png,qwen2.5:7b,describe,True,14.00748875,4.085171084,636,190,25.7457981841082,"This appears to be a pattern or design made up of symbols. Each line is identical, consisting of a series of symbols repeated in a specific order:

- `@` symbol used 5 times at the beginning
- `%` symbol used 7 times
- `#` symbol used 9 times
- `*` symbol used 10 times
- `+` symbol used 13 times
- `=` symbol used 14 times
- `-` symbol used 12 times
- `:` symbol used 2 times
- `.` symbol used 2 times

The pattern is repeated for a total of 32 lines. This kind of pattern could be used for various purposes, such as decorative text, ASCII art, or even as part of a more complex design in software development or web design. Without additional context, it's difficult to determine the exact purpose or meaning behind this specific pattern.",,
gradient.png,qwen2.5:7b,edit,True,29.391606208,0.150825875,642,687,25.71491679652325,,False,
gradient.png,gemma2:9b,describe,True,13.046069791,5.236869333,577,127,25.092298166049368,"This appears to be a simple ASCII art representation of a **landscape or mountain range**. 

Here's why:

* **Characters:** The use of characters like `@`, `#`, `%`, `+`, `=`, and `:` creates different textures and densities, suggesting variations in terrain.
* **Structure:** The repeating pattern with slight variations suggests a series of peaks or hills rising from the ground.
* **Directionality:** The arrangement of characters generally slopes upwards, mimicking the visual effect of a mountain range.


Let me know if you'd like me to try and interpret it further!",,
gradient.png,gemma2:9b,edit,True,26.044381375,0.216259625,584,568,24.999490547353723,,False,
smiley.png,llama3.2:3b,describe,True,5.822737083,2.32556675,471,143,53.443079756508844,"This appears to be a piece of ASCII art, specifically a stylized representation of an image or object using only characters from the standard keyboard. The exact meaning and purpose of this artwork are unclear without more context.

However, based on its structure and composition, it seems to resemble a futuristic or sci-fi themed image, possibly depicting a spaceship, a robot, or some other technological entity. The use of asterisks (*), plus signs (+), and other special characters creates a sense of depth and dimensionality, adding to the overall visual impact of the artwork.

Without more information about the creator's intentions or the specific theme being represented, it is difficult to provide a more detailed analysis or interpretation of this ASCII art.",,
smiley.png,llama3.2:3b,edit,True,18.14948625,0.173250834,477,904,52.69616672694082,,False,
smiley.png,qwen2.5:7b,describe,True,10.291928917,3.284573792,546,118,25.887746780979352,"This appears to be a piece of ASCII art, which is a form of digital art created using text characters. The image you've shared seems to depict some kind of abstract design or pattern, possibly representing a stylized shape or symbol.

ASCII art uses the character set of a computer's standard keyboard to create images in text form. It has been used for decorative purposes and as an artistic expression since the early days of computing. If you have any specific questions about this particular piece of ASCII art or if you'd like to know more about its meaning or context, feel free to ask!",,
smiley.png,qwen2.5:7b,edit,True,23.351886292,0.144750084,552,541,25.733517016418936,,False,
smiley.png,gemma2:9b,describe,True,10.892665416,5.022400166,518,87,25.22018380006134,"This is an ASCII art depiction of a **steam locomotive**. 

Here's how to see it:

* **The top and bottom lines:** Represent the smoke billowing from the smokestack.
* **The central section:**  Forms the body of the locomotive, with details like the boiler, cab, wheels, and connecting rods.


Let me know if you'd like to see other ASCII art examples!",,
smiley.png,gemma2:9b,edit,True,23.43206575,0.196372708,525,526,25.31786799870099,,False,
triangle.png,llama3.2:3b,describe,True,4.504543709,2.197259709,406,86,54.14130629121979,"This appears to be a ASCII art representation of a binary tree or a fractal pattern, specifically the Sierpinski triangle. The use of ""="" characters creates a triangular shape with decreasing sizes at each level, resembling a self-similar pattern.

The code is likely generated using a programming language that supports ASCII art, such as Python or C++. It could be used to create visually appealing graphics or patterns in text-based output.",,
triangle.png,llama3.2:3b,edit,True,8.47486875,0.176352916,412,404,53.22780525685183,,False,
triangle.png,qwen2.5:7b,describe,True,21.314033417,3.250498333,410,425,25.890874532822014,"This appears to be a simple ASCII art representation of a face or head, with the eyes and mouth represented by equal signs (`=`). The face is centered and surrounded by blank lines for spacing. Here's a more readable version:

```
                                       =+                                       
                                      =@@+                                      
                                     =@@@@+                                     
                                    =@@@@@@+                                    
                                   =@@@@@@@@+                                   
                                  =@@@@@@@@@@+                                  
                                 =@@@@@@@@@@@@+                                 
                                =@@@@@@@@@@@@@@+                                
                               =@@@@@@@@@@@@@@@@+                               
                              =@@@@@@@@@@@@@@@@@@+                              
                             =@@@@@@@@@@@@@@@@@@@@+                             
                            =@@@@@@@@@@@@@@@@@@@@@@+                            
                           =@@@@@@@@@@@@@@@@@@@@@@@@+                           
                          =@@@@@@@@@@@@@@@@@@@@@@@@@@+                          
                         =@@@@@@@@@@@@@@@@@@@@@@@@@@@@+                         
                        =@@@@@@@@@@@@@@@@@@@@@@@@@@@@@@+                        
                       =@@@@@@@@@@@@@@@@@@@@@@@@@@@@@@@@+                       
                      =@@@@@@@@@@@@@@@@@@@@@@@@@@@@@@@@@@+                      
                     =@@@@@@@@@@@@@@@@@@@@@@@@@@@@@@@@@@@@+                     
                    =@@@@@@@@@@@@@@@@@@@@@@@@@@@@@@@@@@@@@@+                    
                   =@@@@@@@@@@@@@@@@@@@@@@@@@@@@@@@@@@@@@@@@+                   
                  =@@@@@@@@@@@@@@@@@@@@@@@@@@@@@@@@@@@@@@@@@@+                  
                 =@@@@@@@@@@@@@@@@@@@@@@@@@@@@@@@@@@@@@@@@@@@@+                 
                =@@@@@@@@@@@@@@@@@@@@@@@@@@@@@@@@@@@@@@@@@@@@@@+                
               =@@@@@@@@@@@@@@@@@@@@@@@@@@@@@@@@@@@@@@@@@@@@@@@@+               
              =@@@@@@@@@@@@@@@@@@@@@@@@@@@@@@@@@@@@@@@@@@@@@@@@@@+              
             =@@@@@@@@@@@@@@@@@@@@@@@@@@@@@@@@@@@@@@@@@@@@@@@@@@@@+             
            =@@@@@@@@@@@@@@@@@@@@@@@@@@@@@@@@@@@@@@@@@@@@@@@@@@@@@@+            
           =@@@@@@@@@@@@@@@@@@@@@@@@@@@@@@@@@@@@@@@@@@@@@@@@@@@@@@@@+           
          =@@@@@@@@@@@@@@@@@@@@@@@@@@@@@@@@@@@@@@@@@@@@@@@@@@@@@@@@@@+          
          ............................................................          
```

This kind of ASCII art is often used for decorative purposes or as a simple greeting message.",,
triangle.png,qwen2.5:7b,edit,False,122.42254686355591,0.0,0,0,0.0,,False,
triangle.png,gemma2:9b,describe,True,10.463529542,5.341411125,351,92,26.11116487866681,"This is an ASCII art representation of a **Christmas tree**. 

Here's how to see it:

* **The ""@"" symbols:**  These form the dense, triangular shape of the tree.
* **The ""+"" symbols:** These act as the trunk and base of the tree.
* **The spaces:** These create the empty space around the tree.


Let me know if you'd like to see other ASCII art examples!",,
triangle.png,gemma2:9b,edit,True,17.400069042,0.189340209,358,399,25.810618371959343,,False,
